likes,replies,text,date
45,12,Excelente análisis de los datos de engagement en redes sociales. Los insights son muy valiosos para nuestra estrategia digital. #analytics #dashboard,2024-01-15
23,8,La implementación del dashboard ha mejorado significativamente nuestra capacidad de análisis. @equipo_data #performance,2024-01-16
67,15,Los gráficos interactivos facilitan mucho la comprensión de los KPIs principales. #dataviz #charts @admin,2024-01-16
34,6,La funcionalidad de word cloud es perfecta para análisis de contenido. #wordcloud #nlp,2024-01-17
89,21,Impresionante la velocidad de procesamiento de grandes datasets. #performance #bigdata @desarrollador,2024-01-17
12,3,El diseño responsive funciona perfectamente en todos los dispositivos. #responsive #ux,2024-01-18
56,11,La exportación de reportes en múltiples formatos es muy útil. #reports #export @jefe_proyecto,2024-01-18
78,18,Los filtros por fecha permiten análisis temporales muy detallados. #filtering #temporal @analista,2024-01-19
29,7,La interfaz es intuitiva y fácil de usar para cualquier usuario. #ui #usability,2024-01-19
91,24,Los insights automáticos ahorran muchas horas de análisis manual. #ai #automation @equipo_data,2024-01-20
41,9,La integración con sistemas existentes fue muy sencilla. #integration #api,2024-01-20
63,14,El sistema de exclusión de palabras en el word cloud es genial. #wordcloud #filtering @desarrollador,2024-01-21
35,5,La personalización de colores permite adaptar el dashboard a nuestra marca. #branding #customization,2024-01-21
72,16,Los gráficos de timeline muestran tendencias claras en el engagement. #timeline #trends @admin,2024-01-22
18,4,La documentación está muy completa y bien estructurada. #docs #documentation,2024-01-22
84,19,El rendimiento optimizado permite trabajar con datasets grandes sin problemas. #performance #optimization @equipo_tech,2024-01-23
27,6,La arquitectura modular facilita mucho las futuras expansiones. #architecture #scalability,2024-01-23
58,12,Los reportes automatizados ahorran tiempo significativo en análisis. #automation #reports @gerente,2024-01-24
76,17,La funcionalidad de drag and drop para archivos es muy conveniente. #ui #fileupload @diseñador,2024-01-24
33,8,El sistema de notificaciones mantiene informado sobre el progreso. #notifications #feedback @equipo_qa,2024-01-25